{
  "storage": {
    "formtable": {
      "service": "DynamoDB",
      "providerPlugin": "awscloudformation"
    }
  },
  "function": {
    "contactFormFunction": {
      "build": true,
      "providerPlugin": "awscloudformation",
      "service": "Lambda",
      "dependsOn": [
        {
          "category": "storage",
          "resourceName": "formtable",
          "attributes": [
            "Name",
            "Arn"
          ]
        }
      ]
    }
  },
  "api": {
    "contactFormApi": {
      "service": "API Gateway",
      "providerPlugin": "awscloudformation",
      "dependsOn": [
        {
          "category": "function",
          "resourceName": "contactFormFunction",
          "attributes": [
            "Name",
            "Arn"
          ]
        }
      ]
    }
  }
}