{
  "dev": {
    "awscloudformation": {
      "AuthRoleName": "amplify-alpakafarm-dev-135412-authRole",
      "UnauthRoleArn": "arn:aws:iam::318048618118:role/amplify-alpakafarm-dev-135412-unauthRole",
      "AuthRoleArn": "arn:aws:iam::318048618118:role/amplify-alpakafarm-dev-135412-authRole",
      "Region": "eu-central-1",
      "DeploymentBucketName": "amplify-alpakafarm-dev-135412-deployment",
      "UnauthRoleName": "amplify-alpakafarm-dev-135412-unauthRole",
      "StackName": "amplify-alpakafarm-dev-135412",
      "StackId": "arn:aws:cloudformation:eu-central-1:318048618118:stack/amplify-alpakafarm-dev-135412/83f3b990-c14e-11eb-afcd-0217413c9ed2",
      "AmplifyAppId": "dt5v89meps4is"
    },
    "categories": {
      "function": {
        "contactFormFunction": {
          "deploymentBucketName": "amplify-alpakafarm-dev-135412-deployment",
          "s3Key": "amplify-builds/contactFormFunction-634f6c4272472b447330-build.zip"
        }
      }
    }
  }
}